Ticker,QMV($),HQ Location,Sector
FBS.B,39933224.74,ON,Closed-End Funds
VNP,210855379.2,QC,Clean Technology
AW.UN,425204623.7,BC,Diversified Industries
AAB,14807014.84,ON,Financial Services
ABT,242420378.6,BC,Technology
ADN,292796280,BC,Forest Products & Paper
AEF.A,400487500,ON,
ACD,75323304,ON,Financial Services
ASP,29836610.3,ON,Life Sciences
AEU.UN,46116249.6,ON,Closed-End Funds
DRX,52659172.8,QC,Diversified Industries
AAV,1798451563,AB,Oil & Gas
AHY.UN,25939821.6,ON,Closed-End Funds
ARE,1076553468.7,ON,Diversified Industries
AEZ,53335441.75,QC,Life Sciences
AOI,862628269.9,BC,Oil & Gas
AFN,1025729398,MB,Diversified Industries
ACR.UN,292622643.8,ON,Real Estate
AGF.B,426278109.3,ON,Financial Services
AJX,65806747.22,AB,Technology
AEM,12434628828,ON,Mining
AGU,18707567406,AB,Mining
AGT,890129077.2,SK,Diversified Industries
AIM,1444923385.05,QC,Diversified Industries
AC,3682820250,QC,Diversified Industries
BOS,254969722.2,ON,Diversified Industries
AKT.A,142242940.36,AB,Diversified Industries
AGI,2283231424,ON,Mining
AD,815744479.7,AB,Financial Services
AF,112810015.5,ON,Diversified Industries
ADV,46907591.66,BC,Mining
AXR,161207648.8,BC,Mining
ALC,539989788.8,ON,Diversified Industries
AQN,3269779851,ON,Clean Technology
AQX.A,263666250,ON,
ATD.B,35352195454,QC,Diversified Industries
ABK.A,55233454.5,ON,Closed-End Funds
ALB,48774886.33,ON,Closed-End Funds
AP.UN,2871026223,ON,Real Estate
AMM,124978302.9,BC,Mining
ALA,6277097777.6,AB,Diversified Industries
AXY,287790691.5,BC,Clean Technology
ALS,549496092.7,NL,Mining
AIF,1149881616,ON,Diversified Industries
AYA,2841915269,QC,Technology
ACZ.UN,19097324.35,AB,Closed-End Funds
HOT.UN,471150361.6,BC,Real Estate
USA,116181434.8,ON,Mining
ARG,50657796.82,BC,Mining
ANX,12559965.06,ON,Mining
ADW.A,477966762.2,ON,Diversified Industries
APS,16422253.72,ON,Life Sciences
AQA,53917039.99,ON,Mining
ARZ,431732153.3,ON,Life Sciences
ARX,8296625998,AB,Oil & Gas
RGX,13445575.66,QC,Mining
ATZ,559145241.6,BC,Diversified Industries
AZ,748933384.5,BC,Mining
AX.UN,2102375205,MB,Real Estate
AKG,950615565,BC,Mining
MBB.UN,4284989.24,ON,Closed-End Funds
AOG.UN,7749658.4,ON,Closed-End Funds
AV.UN,71740567.08,ON,Closed-End Funds
AHF,39057914,AB,Financial Services
VIP.UN,156824728.2,ON,Closed-End Funds
ACO.X,4905533105.4,AB,Utilities & Pipelines
ATH,552684424.2,AB,Oil & Gas
AI,433807814.9,ON,Financial Services
ATA,971938894.5,ON,Diversified Industries
ORA,53514958.2,BC,Mining
AMI,146767278.4,ON,Mining
AUP,162881544.6,BC,Life Sciences
AUG,159911959.2,BC,Mining
AUI.UN,71510763.17,ON,Closed-End Funds
HRR.UN,18653485.5,ON,Closed-End Funds
ACQ,556333177.6,AB,Diversified Industries
APR.UN,125351280,ON,Real Estate
AVL,28887872.96,ON,Mining
AVP,21499882.88,BC,Diversified Industries
AVO,566742930,BC,Technology
BTO,3106164864,BC,Mining
BAD,1159396281,AB,Diversified Industries
BLD,445528681.5,BC,Clean Technology
BAR,101544975.3,BC,Mining
BMO,60044487297.75,ON,Financial Services
BNS,93062755870.04,ON,Financial Services
BAA,77132995.68,ON,Mining
ABX,23483433441,ON,Mining
BTE,1213717087,AB,Oil & Gas
BCE,52824989207.7,QC,Comm & Media
BEK.B,20471901.5,ON,Real Estate
BXE,308079119.4,AB,Oil & Gas
BLU,14044679.52,QC,Life Sciences
BSX,297390729.6,ON,Mining
BNG,10226669.4,AB,Oil & Gas
BIG.D,28696960.32,ON,Closed-End Funds
BBO,52101748.98,ON,Closed-End Funds
BR,41530605.12,AB,Diversified Industries
BX,33651571.39,ON,Clean Technology
BIR,2488189637,AB,Oil & Gas
BDT,395406732.9,ON,Diversified Industries
BDI,160874782.9,AB,Diversified Industries
BKI,4791645.57,ON,Mining
BB,5446127187,ON,Technology
PXX,597450875,AB,Oil & Gas
BLB.UN,23886072,ON,Closed-End Funds
BUA.UN,14571399,ON,Closed-End Funds
RBN.UN,210575772.7,ON,Closed-End Funds
ZAG,2123614296,ON,ETP
ZDV,690050500,ON,ETP
ZCH,16092036.38,ON,ETP
ZWB,1235100000,ON,ETP
ZWA,220828210,ON,ETP
ZWU,466922690,ON,ETP
ZDB,224706750,ON,ETP
ZDJ,118309042,ON,ETP
ZEF,166991803,ON,ETP
ZRE,388148283,ON,ETP
ZUB,406778599,ON,ETP
ZBK,635502232,ON,ETP
ZUH,215896050,ON,ETP
ZUT,191725005,ON,ETP
ZEL,4102000,ON,ETP
ZWE,191965300,ON,ETP
ZFH,299199540.3,ON,ETP
ZGI,285499476.1,ON,ETP
ZHY,1146923861,ON,ETP
ZID,200252996,ON,ETP
ZDI,150713134,ON,ETP
ZDH,49124460,ON,ETP
ZJN,38334581.25,ON,ETP
ZJG,74787397.74,ON,ETP
ZJO,50056037.98,ON,ETP
ZPR,1408351527,ON,ETP
ZLC,273796826.9,ON,ETP
ZFL,248301908.5,ON,ETP
ZPL,487220204.7,ON,ETP
ZLB,1331372000,ON,ETP
ZLE,12120000,ON,ETP
ZLI,316240453.2,ON,ETP
ZLD,256233600,ON,ETP
ZLU,947408750,ON,ETP
ZLH,140251930,ON,ETP
ZCM,1163801762,ON,ETP
ZFM,543182923.2,ON,ETP
ZMP,556586509,ON,ETP
ZMU,352853963.2,ON,ETP
ZIC,1169816454,ON,ETP
ZMI,79913400,ON,ETP
ZGQ,30054300,ON,ETP
ZDM,497915430.6,ON,ETP
ZEA,1071666093,ON,ETP
ZEM,156301850,ON,ETP
ZEQ,316358540,ON,ETP
ZUQ,42845355,ON,ETP
ZQQ,239271003.2,ON,ETP
ZRR,55357500,ON,ETP
ZUE,1091851518,ON,ETP
ZSP,2968074661,ON,ETP
ZCN,1679923955,ON,ETP
ZEB,959229754.5,ON,ETP
ZMT,110025825,ON,ETP
ZGD,29945487,ON,ETP
ZIN,34954660,ON,ETP
ZEO,214712155,ON,ETP
ZCS,1337224216,ON,ETP
ZFS,663290111.1,ON,ETP
ZPS,481270010.5,ON,ETP
ZSU,134683932.4,ON,ETP
ZST,54632500,ON,ETP
ZDY,1243845258,ON,ETP
ZUD,255103600,ON,ETP
ZWH,521543800,ON,ETP
ZPW,133249720,ON,ETP
GBT,481740000,QC,Diversified Industries
BSC,33196852.9,ON,Closed-End Funds
BEI.UN,2054399943,AB,Real Estate
BBD.B,4531289525.13,QC,Diversified Industries
BNP,1119045376,AB,Oil & Gas
BNE,880804023.2,AB,Oil & Gas
BLX,1297418721,QC,Clean Technology
BPF.UN,445279082.9,BC,Diversified Industries
BYD.UN,1648835639,MB,Diversified Industries
BBL.A,83982641.76,ON,Diversified Industries
HBL.UN,10224935.37,ON,Closed-End Funds
HBF,31050822.28,ON,ETP
BRY,7798883.73,AB,Diversified Industries
BRB,111268806.9,ON,Diversified Industries
LCS,86988230.1,ON,Closed-End Funds
OSP,53359385.8,ON,Closed-End Funds
SBC,166631043.36,ON,Closed-End Funds
BAM.A,47593299817.25,ON,Financial Services
BOX.UN,691636219.8,ON,Real Estate
BGI.UN,236530965,ON,Closed-End Funds
BHY.UN,94998750,ON,Closed-End Funds
BPS.PR.U,90259165.35,ON,Closed-End Funds
BRE,147948060,ON,Real Estate
BEP.UN,6953058782.4,QC,Clean Technology
BRF.PR.C,620117942.7,ON,Clean Technology
BSO.UN,106740324,ON,Closed-End Funds
BSE.UN,7652435.7,ON,Closed-End Funds
BSD.UN,24262862.96,ON,Closed-End Funds
DOO,765649746.8,QC,Diversified Industries
GPS,101566418.5,ON,Technology
BTB.UN,210783108.7,QC,Real Estate
BUI,120000000,MB,Diversified Industries
BU,97823407.5,BC,Clean Technology
CAE,5319012655,QC,Technology
CWL,19123074.4,ON,Diversified Industries
UDA.UN,49776000,ON,Closed-End Funds
CAL,76006691.6,ON,Mining
CFW,382568469.4,AB,Diversified Industries
CGY,185593255.2,ON,Technology
CBL,884927927.9,ON,Financial Services
CCO,4891995572,SK,Mining
CF,561927108,BC,Financial Services
CNE,785213193.2,AB,Oil & Gas
CPF.UN,32580417.6,ON,Closed-End Funds
CAR.UN,4130616267,ON,Real Estate
BK,177121237.5,ON,Closed-End Funds
CCI.UN,26480203,ON,Closed-End Funds
CCX,15800000,AB,ETP
CEU,1829140635,AB,Diversified Industries
CGI,461826942.7,ON,Financial Services
CIQ.UN,29520705.9,ON,Closed-End Funds
CM,42867931080,ON,Financial Services
LFE,234466821.7,ON,Closed-End Funds
CNR,68886945440,QC,Diversified Industries
GAS,10803750,AB,ETP
CNQ,50119990457,AB,Oil & Gas
CP,30076672234,AB,Diversified Industries
PFT.UN,66292908.8,ON,Closed-End Funds
REF.UN,3316957924,ON,Real Estate
RTU.UN,13475100,ON,Closed-End Funds
CTC.A,10182143231,ON,Diversified Industries
UTE.UN,33430707,ON,Closed-End Funds
CU,10737318972,AB,Utilities & Pipelines
CWB,2810374979,AB,Financial Services
CWF,33433923.15,ON,Financial Services
CZN,69998555.43,BC,Mining
CAM,448385923.2,QC,Diversified Industries
CCM,19547063.73,BC,Mining
DNT,17182698.75,BC,Mining
CUS,535369908.9,AB,Diversified Industries
CFP,1950898737,BC,Forest Products & Paper
CFX,668327667.4,BC,Forest Products & Paper
ICE,44012096.7,BC,Real Estate
EIT.UN,1119376794,AB,Closed-End Funds
CGC,1371364022,ON,Life Sciences
PBY.UN,180798361.8,ON,Closed-End Funds
SCW.UN,52426818.4,ON,Closed-End Funds
CWX,349794576.6,BC,Diversified Industries
FRC,469922755.1,AB,Diversified Industries
CPX,2748583232,AB,Utilities & Pipelines
CSE.PR.A,35100000,ON,Clean Technology
CS,402538711.1,BC,Mining
CARA,611601499.2,ON,Diversified Industries
CJ,764334480.1,AB,Oil & Gas
COM,113160804.7,BC,Life Sciences
CJT,797738157.2,ON,Diversified Industries
CMH,97584515.28,BC,Clean Technology
CAS,1104784866,QC,Clean Technology
CYT,11767332.51,BC,Clean Technology
CET,13429290.6,AB,Diversified Industries
CCL.B,8230935790,ON,Diversified Industries
CLS,1985750059,ON,Technology
CVE,17305451655,AB,Oil & Gas
CG,2020958140,ON,Mining
CEF.A,3999904245,AB,Closed-End Funds
CHH,108925004.86,ON,Life Sciences
CNT,12843164.23,ON,Mining
CQE,63837249.58,AB,Oil & Gas
CRP,140348339.1,ON,Closed-End Funds
CVL,286075525.8,AB,Diversified Industries
GIB.A,17313654280,QC,Technology
CSH.UN,2780826297,ON,Real Estate
CHE.UN,1611675418.9,ON,Diversified Industries
CHW,209018237,ON,Diversified Industries
CKE,106056988.7,AB,Oil & Gas
CHP.UN,1197753375,ON,Real Estate
CHR,804289172.3,NS,Diversified Industries
CIX,7128355539,ON,Financial Services
MBA,32915447.96,BC,Diversified Industries
CGX,3307386305,ON,Comm & Media
CPH,102192218.7,ON,Life Sciences
CTF.UN,70086267.2,AB,Closed-End Funds
CVG,450899685.6,ON,Financial Services
CKI,136947426,NS,Diversified Industries
CSM,20692948.92,AB,Diversified Industries
CLR,787036132.4,NS,Clean Technology
CCS.PR.C,93200000,ON,Financial Services
CCA,2173627072,QC,Comm & Media
CGO,822577981.4,QC,Comm & Media
GCL,188658808.2,QC,Diversified Industries
CIGI,1772087940,ON,Real Estate
CGT,80035248.16,BC,Mining
CUF.UN,2537980620,QC,Real Estate
YCM,19296966.88,ON,Closed-End Funds
CMZ.UN,61484106,ON,Closed-End Funds
CMG,697792550.4,AB,Technology
CXR,175498493.8,ON,Life Sciences
CPI,88693455,AB,Oil & Gas
CFF,63567699,BC,Forest Products & Paper
CXA.B,20370107.34,ON,Real Estate
CSU,13608292366.3,ON,Technology
CNL,474458305.8,ON,Mining
CZQ,3102327.44,ON,Mining
CUM,103262973.1,BC,Mining
CSW.A,628441378.8,ON,Diversified Industries
CDD.UN,5230210.5,ON,Closed-End Funds
COP,62426305.2,BC,Mining
CDH,36335006.06,NS,Oil & Gas
CJR.B,2364627925,ON,Comm & Media
KOR,64658707.4,BC,Mining
PATH,11841304.8,BC,Technology
CPG,9257592237,AB,Oil & Gas
CTX,19091817.21,ON,Life Sciences
CR,1069576619,AB,Oil & Gas
CRH,535212414.8,BC,Life Sciences
CCZ,7554986.27,AB,Technology
CRR.UN,1346183963,NS,Real Estate
CWI,15699860.72,ON,Financial Services
CRN,90326190.11,AB,Financial Services
CRT.UN,1365685585,ON,Real Estate
CIU.PR.A,138380000,AB,Utilities & Pipelines
CYB,567284052.8,ON,Financial Services
DBO,92767970.18,QC,Technology
DNA,332104818.1,ON,Mining
DCM,40937135.68,ON,Diversified Industries
DW,12275248.96,ON,Technology
HYB.UN,28579044.2,ON,Closed-End Funds
DEE,273783906.5,AB,Oil & Gas
DML,304048826,ON,Mining
DSG,2261671344,ON,Technology
DGC,2988718590,ON,Mining
DH,2465594019,ON,Technology
DHX.B,922669186.2,NS,Comm & Media
DCF,56933734.24,ON,Financial Services
DIN.DB,19759850,ON,Real Estate
DCI,333326643.8,AB,Financial Services
DRT,498881892.7,AB,Clean Technology
DA.A,23849095.36,ON,Diversified Industries
DIV,280166739,BC,Diversified Industries
DFN,660390954.3,ON,Closed-End Funds
DF,246392207.9,ON,Closed-End Funds
DGS,415252022.4,ON,Closed-End Funds
DS,78288667.44,ON,Closed-End Funds
DOL,11725937350,QC,Diversified Industries
DDC,1073896031,ON,Mining
UFS,3426208192,QC,Forest Products & Paper
DII.B,1313770192.4,QC,Diversified Industries
DSL.UN,34383847.55,ON,Closed-End Funds
DWI,23785990.8,ON,Technology
DRG.UN,1149380633,ON,Real Estate
DRA.UN,408484717,ON,Real Estate
DIR.UN,546360934.9,ON,Real Estate
D.UN,1964925179,ON,Real Estate
DRM,523175214.73,ON,Real Estate
DAQ.A,111963100,ON,
DC.A,499977702.39,ON,Financial Services
DEN,3765379.88,ON,Oil & Gas
DPM,329205629.6,ON,Mining
DXI,3136580.02,BC,Oil & Gas
DNG,83616416.87,QC,Mining
DMM,15805589.76,BC,Mining
ELF,3125302754,ON,Financial Services
EGL,29716136.1,AB,Oil & Gas
ECF.UN,46382306.58,ON,Closed-End Funds
ELR,42150759.56,BC,Mining
ER,85948358.86,ON,Mining
EFH,138155957.8,ON,Financial Services
ERM,23334776.3,ON,Closed-End Funds
ECN,1168002540,ON,Financial Services
EOM,43537258.35,BC,Mining
ECS,67180935.15,BC,Mining
EVT,591035058.8,ON,Closed-End Funds
ECO,121924627.2,ON,Clean Technology
ELD,2651372396,BC,Mining
EFL,192934812.4,ON,Clean Technology
EFN,5839287758,ON,Diversified Industries
EMA,9596282082.04,NS,Utilities & Pipelines
EMP.A,3165331314,NS,Diversified Industries
ENB,58413570661,AB,Utilities & Pipelines
ENF,4231324742,AB,Utilities & Pipelines
ECA,16413849674,AB,Oil & Gas
EDR,650650951.7,BC,Mining
ECI,1892001034.5,ON,Diversified Industries
EFX,1504337016,AB,Diversified Industries
EGZ,29964721.35,ON,Mining
PCF.UN,23874797.08,ON,Closed-End Funds
ENI.UN,11000668.04,AB,Closed-End Funds
HEN.UN,5378804.95,ON,Closed-End Funds
HPF,21803912.78,ON,ETP
ERF,2794411635,AB,Oil & Gas
ENGH,1422571081,ON,Technology
ESI,1406622613,AB,Diversified Industries
E,14469617.24,AB,Diversified Industries
ENT,44827626.33,AB,Diversified Industries
ETG,66574752.48,BC,Mining
EQB,1017243183.3,ON,Financial Services
EQI,93717248.56,ON,Financial Services
ERD,56841785.54,NS,Mining
ESP,74586163.44,ON,Technology
EPI,93110044.8,BC,Life Sciences
ESN,78021247.15,AB,Diversified Industries
ESM,36000851.76,ON,Mining
EBC.UN,39008291.5,ON,Closed-End Funds
EBF.UN,14245193.4,ON,Closed-End Funds
ET,1225504792,ON,Technology
XCT,33920644.42,ON,Technology
EGI.UN,66886501.44,ON,Closed-End Funds
EXN,104740861.4,ON,Mining
EIF,1474008854.6,MB,Financial Services
XTC,456330825.3,ON,Diversified Industries
XRC,90433458.06,BC,Mining
EXF,131552439.9,QC,Technology
EXE,1000526319.7,ON,Real Estate
FGX,18996048,ON,Closed-End Funds
FCS.UN,19217215.92,ON,Closed-End Funds
FFH,15791586221.62,ON,Financial Services
FIH.U,910178293.7,ON,Financial Services
FSZ,775900070.4,ON,Financial Services
FTN,362928922.6,ON,Closed-End Funds
FTT,4549715105,BC,Diversified Industries
FTG,75660883.4,ON,Technology
FC,457970606.5,ON,Financial Services
BXF,83376500,ON,ETP
FDV,24678500,ON,ETP
FAO,19907782.22,ON,ETP
FAI,18677005.82,ON,ETP
FCE,5025000,ON,ETP
FCY,5465000,ON,ETP
OXF,6641215.32,ON,ETP
MXF,7164604.68,ON,ETP
FBE,5282500,ON,ETP
CXF,9795885.4,ON,ETP
ADC.UN,15519621.52,ON,Closed-End Funds
FDL,935000,ON,ETP
RIT,186252913.1,ON,ETP
CIC,146784752.5,ON,ETP
CBB,968250,ON,ETP
CED,18555500,ON,ETP
CSY,31341288.04,ON,ETP
CES,33321676.63,ON,ETP
DCD.UN,50028536.25,ON,Closed-End Funds
TRF.UN,7545155.81,ON,Closed-End Funds
NXF,31413865.88,ON,ETP
FHB,31928862.09,ON,ETP
FSF,14387185.76,ON,ETP
FGM,1112500,ON,ETP
FGL,1045500,ON,ETP
FGV,1192500,ON,ETP
FGU,1166000,ON,ETP
FIG,96785339.52,ON,ETP
FLB,37908000,ON,ETP
DXM,35928254.13,ON,ETP
WXM,151939838.26,ON,ETP
FXM,144738677.7,ON,ETP
ZXM,35483750,ON,ETP
VXM,95904946.06,ON,ETP
QXM,58010500,ON,ETP
UCD.UN,11714507.52,ON,Closed-End Funds
UXM,97674566.05,ON,ETP
YXM,76261024.21,ON,ETP
XXM,167486377.82,ON,ETP
RWC,15873004,ON,ETP
FQC,14298046.9,ON,ETP
RWE,50125032,ON,ETP
RWU,110207600,ON,ETP
RWW,255050250,ON,ETP
NCD.UN,20803511.5,ON,Closed-End Funds
FPR,57179974.74,ON,ETP
PXF,5011000,ON,ETP
FGB,60791000,ON,ETP
TXF,105299924.45,ON,ETP
FLI,122286000,ON,ETP
FBU,4378000,ON,ETP
FUM,1052000,ON,ETP
FUT,3085500,ON,ETP
FCR,5165734097.7,ON,Real Estate
FR,1957265163,BC,Mining
FN,1647675349.48,ON,Financial Services
FNM.UN,27160597.55,ON,Closed-End Funds
FM,10580576901,BC,Mining
FDY,4656000,ON,ETP
FDE,8621481.7,ON,ETP
EUR,27448380.34,ON,ETP
FHD,2332000,ON,ETP
FHC,3618000,ON,ETP
FUD,8453224.23,ON,ETP
FHE,2130000,ON,ETP
FHF,2506000,ON,ETP
FHH,4270000,ON,ETP
FHG,2398000,ON,ETP
FHM,2431000,ON,ETP
FHQ,8991500,ON,ETP
FHU,1187500,ON,ETP
FST,42663959.7,ON,ETP
FSR,1007500,ON,ETP
ETP,53257854.14,ON,ETP
FSL,136218800,ON,ETP
FHY,23516310.4,ON,ETP
FTB,50622000,ON,ETP
FSV,2021911281,ON,Real Estate
FCU,271053810.2,BC,Mining
FFI.UN,97958918.05,ON,Closed-End Funds
FSY,10213799.47,ON,Mining
FTS,17243835007,NL,Utilities & Pipelines
FTP,186198811.62,BC,Forest Products & Paper
FT,27089900.7,ON,Mining
FNV,13908724681,ON,Mining
FVL,13057435.53,BC,Mining
FRU,1572118280,AB,Oil & Gas
GH,265837857.3,AB,Diversified Industries
GDI,182142434.1,QC,Diversified Industries
GXE,149485810.5,AB,Oil & Gas
GDS,33281263.6,MB,Diversified Industries
GEN,27443130.4,ON,Life Sciences
GDC,126033022.1,AB,Real Estate
MIC,3000873447,ON,Financial Services
WN,15101710392,ON,Diversified Industries
GBG.A,102828000,ON,
GEI,2693551781,AB,Diversified Industries
GIL,8465790017,QC,Diversified Industries
GVC,74787526.08,BC,Comm & Media
GAF.UN,24652017.54,ON,Closed-End Funds
NAF.UN,101322693,ON,Closed-End Funds
GCS.PR.A,50120000,ON,Closed-End Funds
GII.UN,2151044.72,ON,Closed-End Funds
GDG.UN,111127274.5,AB,Closed-End Funds
GHC.UN,137861968.3,AB,Closed-End Funds
HIG.UN,51378409.08,ON,Closed-End Funds
GRL,82374201.69,ON,Closed-End Funds
GRP.PR.A,45720000,ON,Closed-End Funds
HGI.UN,5163245.1,ON,Closed-End Funds
HTO.UN,28071867.81,ON,Closed-End Funds
GBF,47191196.88,ON,Closed-End Funds
GMX,17671028.28,QC,Mining
GS,490693837.9,ON,Financial Services
GMP,401577315.17,ON,Financial Services
GSY,320393330.4,ON,Diversified Industries
GGD,99398358.98,NS,Mining
G,15135398059,BC,Mining
GQM,91059917.6,BC,Mining
GGA,23113961.13,ON,Mining
GSB.UN,26715361.68,ON,Closed-End Funds
XAU,230415660.8,ON,Financial Services
GDL,76984313.7,QC,Forest Products & Paper
GTE,1500006551,AB,Oil & Gas
GTX,18016246.44,AB,Oil & Gas
GXO,177815859.4,AB,Oil & Gas
GRT.UN,2053795252,ON,Real Estate
GC,1448854934,BC,Diversified Industries
GPR,337736179.1,BC,Mining
GWO,37161732986,MB,Financial Services
GCG.A,697890347.36,ON,Financial Services
GUY,939571831,ON,Mining
GCT,46212420.2,BC,Comm & Media
HR.UN,6456698058,ON,Real Estate
HGN,190019898.8,ON,Technology
HBG,13088378.24,ON,ETP
HMM.A,17026440,ON,Diversified Industries
HPS.A,51031689.28,ON,Diversified Industries
HWD,369705233.7,BC,Diversified Industries
HRT,96952771.58,ON,Mining
HHL,105893669.8,ON,ETP
MDS.UN,51504350.59,ON,Closed-End Funds
HBP,139514382.5,ON,Life Sciences
HRX,567571574.6,QC,Diversified Industries
HWO,252609451.2,AB,Diversified Industries
HLF,618306072.3,NS,Diversified Industries
HHY.UN,10567560.68,ON,Closed-End Funds
HNZ,144531379.5,QC,Diversified Industries
HLC,185148030.8,NS,Real Estate
HCG,1917004463,ON,Financial Services
HNL,273335591.3,AB,Diversified Industries
HAD,23807935.72,ON,ETP
HAL,27172887.75,ON,ETP
HMP,116750476.66,ON,ETP
HAB,527509162.6,ON,ETP
HAJ,26989677.66,ON,ETP
HFR,363652390.09,ON,ETP
HFP,86335712.58,ON,ETP
HSL,48068650.24,ON,ETP
HAZ,269606022.5,ON,ETP
HAF,35962492.23,ON,ETP
HYI,86781065.46,ON,ETP
HPR,864237974.5,ON,ETP
HAU,11165278.92,ON,ETP
HUF,27806021.04,ON,ETP
HMF,7514655,ON,ETP
HBD,3094000,ON,ETP
HBU,11280000,ON,ETP
HZD,2928680,ON,ETP
HZU,25646400,ON,ETP
HQD,9668045,ON,ETP
HQU,19913700,ON,ETP
HOD,43349200,ON,ETP
HOU,308626793.8,ON,ETP
HND,25735750,ON,ETP
HNU,144349501.5,ON,ETP
HSD,58132800,ON,ETP
HSU,30283650,ON,ETP
HIU,22059600,ON,ETP
HVU,43102547.54,ON,ETP
HUV,5849787.5,ON,ETP
HVI,14324400,ON,ETP
HXD,69434640,ON,ETP
HXU,38216800,ON,ETP
HIX,22522500,ON,ETP
HED,4620420,ON,ETP
HEU,18271200,ON,ETP
HFD,12933450,ON,ETP
HFU,15529500,ON,ETP
HGD,40657080,ON,ETP
HGU,100314500,ON,ETP
HTD,6893100,ON,ETP
CAN,7245009.66,ON,ETP
HOG,8864920.59,ON,ETP
HXH,115720028.9,ON,ETP
HII,10252902.13,ON,ETP
HBB,198524666.8,ON,ETP
HCN,5317375,ON,ETP
HUG,6868750,ON,ETP
HUZ,6405750,ON,ETP
HEE,29106612.36,ON,ETP
HEX,67422047.29,ON,ETP
HEF,17085985.78,ON,ETP
HEP,38715503.68,ON,ETP
HEJ,10919633.09,ON,ETP
HEA,32542161.4,ON,ETP
HGC,10100010.1,ON,ETP
HRA,9490009.49,ON,ETP
HGY,22364061.92,ON,ETP
HGM,13077000,ON,ETP
HMA,7642750,ON,ETP
HHF,40087890,ON,ETP
HXQ,21807676.4,ON,ETP
HNY,11139897.49,ON,ETP
HUC,32822625,ON,ETP
HUN,12229750,ON,ETP
HSH,5179709.25,ON,ETP
HXS,525355478.2,ON,ETP
HEW,11560320.1,ON,ETP
HXT,931290657.1,ON,ETP
HXE,12652264.35,ON,ETP
HXF,39663579.45,ON,ETP
HAC,192220305.4,ON,ETP
HTH,4903499.51,ON,ETP
HTB,16350740.7,ON,ETP
DLR,81571537.44,ON,ETP
HSB.PR.C,352310000,BC,Financial Services
HBM,2140259093,ON,Mining
HBC,2691109774,ON,Diversified Industries
HSE,16515161656.5,AB,Oil & Gas
H,13732600000,ON,Utilities & Pipelines
HYG,82169488,ON,Clean Technology
HYD,8314991.28,AB,Diversified Industries
IMG,2217265896,ON,Mining
IBG,263903006.9,ON,Diversified Industries
ICP,19587354.5,ON,Mining
IFA,54578475,ON,Diversified Industries
IGM,9507635810,MB,Financial Services
IMV,83351976.24,NS,Life Sciences
III,490611168,BC,Mining
IMO,38981078516,AB,Oil & Gas
IRG,185873962.7,NB,Diversified Industries
INC.UN,31878255.36,ON,Closed-End Funds
IDX.UN,108982538.8,ON,Closed-End Funds
IDG,425582476.4,ON,Diversified Industries
IAG,6172941519,QC,Financial Services
IAC.A,230920000,ON,
ISV,301875000,SK,Technology
INE,1687540522,QC,Clean Technology
IGG,32331855,ON,Diversified Industries
IPO,117928748.1,AB,Oil & Gas
INQ,31621870,ON,Diversified Industries
IFC,12619636980.3,ON,Financial Services
IAM,30944253.35,ON,Financial Services
I,108620293.2,ON,Life Sciences
IPL,9819678912,AB,Utilities & Pipelines
IFP,1044154084,BC,Forest Products & Paper
IRD,37214556.45,SK,Technology
IIP.UN,514446804.3,ON,Real Estate
IT,631454352.8,ON,Technology
ITP,1447366868,QC,Diversified Industries
ITC,43206728.65,BC,Technology
INV,46708301.52,ON,Mining
IFB.UN,33767250.54,ON,Closed-End Funds
PFU.UN,12453192.9,ON,Closed-End Funds
CBH,215895000,ON,ETP
CLG,181997250,ON,ETP
CBO,2057986000,ON,ETP
CLF,1046274000,ON,ETP
XAL,31694000,ON,ETP
CBN,38791000,ON,ETP
CBD,71530250,ON,ETP
CBQ,63692500,ON,ETP
XCB,1633878000,ON,ETP
FIE,471192144.8,ON,ETP
CRQ,234013500,ON,ETP
XGB,393660000,ON,ETP
XCG,46816000,ON,ETP
XHB,425390000,ON,ETP
XRB,470866000,ON,ETP
XDV,1475936000,ON,ETP
XSB,2346876000,ON,ETP
XBB,2162460000,ON,ETP
XCV,70224000,ON,ETP
XCH,30362500,ON,ETP
XCR,11720000,ON,ETP
XSC,57826000,ON,ETP
XSE,56280000,ON,ETP
CVD,125222500,ON,ETP
XLB,320625000,ON,ETP
XSH,537350000,ON,ETP
XQB,381846500,ON,ETP
XAW,105644000,ON,ETP
XEF,692180000,ON,ETP
XFH,82236000,ON,ETP
XEC,198968000,ON,ETP
XUS,756432000,ON,ETP
XSP,3742296000,ON,ETP
XUU,71269000,ON,ETP
XUH,35275500,ON,ETP
XIC,2671372000,ON,ETP
XEI,429510000,ON,ETP
XSQ,106920000,ON,ETP
XTR,610400000,ON,ETP
XMV,91455000,ON,ETP
XMI,226305000,ON,ETP
XML,19323000,ON,ETP
XMM,76322000,ON,ETP
XMW,94365000,ON,ETP
XMY,6120000,ON,ETP
XMU,144023500,ON,ETP
XMS,8164000,ON,ETP
XFC,19917000,ON,ETP
XFI,38798000,ON,ETP
XFF,15155000,ON,ETP
XFS,56600000,ON,ETP
XFA,36368000,ON,ETP
CWO,45416250,ON,ETP
CEW,164818500,ON,ETP
XFR,224784000,ON,ETP
COW,247083500,ON,ETP
XGC,11728000,ON,ETP
XHC,208244500,ON,ETP
CIF,50276250,ON,ETP
CYH,144046000,ON,ETP
CGR,119383500,ON,ETP
CWW,98310000,ON,ETP
CGL,382475000,ON,ETP
XGR,15092000,ON,ETP
XID,45424000,ON,ETP
CIE,213031500,ON,ETP
XEB,42578500,ON,ETP
XEN,36608000,ON,ETP
CJP,102451500,ON,ETP
XBZ,16699500,ON,ETP
XIN,1233592000,ON,ETP
XEM,199504000,ON,ETP
XEU,184828000,ON,ETP
XEH,114895000,ON,ETP
XWD,380700000,ON,ETP
XQQ,127200000,ON,ETP
CMR,87500000,ON,ETP
XCD,47008000,ON,ETP
XGI,33492000,ON,ETP
XMC,38778000,ON,ETP
XMH,159348000,ON,ETP
XIU,12620200000,ON,ETP
CDZ,1041669250,ON,ETP
CPD,1242345750,ON,ETP
XST,189900000,ON,ETP
XEG,1135400000,ON,ETP
XFN,1103172000,ON,ETP
XIT,53898000,ON,ETP
XMA,147315000,ON,ETP
XRE,1330758000,ON,ETP
XUT,75960000,ON,ETP
XMD,206805000,ON,ETP
XBM,86240000,ON,ETP
XGD,625940000,ON,ETP
XPF,227232000,ON,ETP
XCS,136500000,ON,ETP
CSD,195892000,ON,ETP
XSI,119040000,ON,ETP
SVR,65790000,ON,ETP
XHU,17736000,ON,ETP
XHD,224010000,ON,ETP
XHY,560846000,ON,ETP
CHB,182660000,ON,ETP
XIG,132704000,ON,ETP
XSU,241825000,ON,ETP
CUD,668072000,ON,ETP
CLU,299953750,ON,ETP
IVN,1838728645,BC,Mining
JAG,190626189.4,ON,Mining
PJC.A,1676208190,QC,Diversified Industries
JFS.UN,158185460,ON,Closed-End Funds
JOY,108790206.5,AB,Oil & Gas
CBT.UN,21780252.2,ON,Closed-End Funds
JE,1442991660,ON,Diversified Industries
KBL,297029229.6,AB,Diversified Industries
KRN,20525092.45,AB,Mining
KEG.UN,232860285,BC,Diversified Industries
KLS,55694102.4,BC,Diversified Industries
KEL,1249937996,AB,Oil & Gas
KER,14758483.5,ON,Mining
KEW.A,68950000,ON,
KEY,7139397108,AB,Utilities & Pipelines
KMP.UN,860534607,NS,Real Estate
KXS,1539735561,ON,Technology
KFS,183306994.7,ON,Financial Services
K,5527840959,ON,Mining
KLG,999146126.5,ON,Mining
GUD,1370836834,QC,Life Sciences
KPT,141374348.9,ON,Clean Technology
LIF,1116160000,ON,Financial Services
LRT.UN,7453856.2,MB,Real Estate
LAM,21095491.5,ON,Mining
LGO,233071296.2,ON,Mining
LAS.A,680060060,QC,Diversified Industries
LB,2126985656,QC,Financial Services
CTU.A,4826714.78,QC,Diversified Industries
LFX,22187263.74,ON,Mining
LNF,1395232385,ON,Diversified Industries
LVN,38267520.8,BC,Mining
LEX,39649900.5,ON,Mining
LBS,355247713.9,ON,Closed-End Funds
PFD.UN,63288756.82,ON,Closed-End Funds
LNR,3373511433,ON,Diversified Industries
LIQ,446480982.9,AB,Diversified Industries
LAC,247346974.6,BC,Mining
L,28392131684,ON,Diversified Industries
LGT.B,445681041,QC,Diversified Industries
LN,19914665.16,ON,Mining
LOW.UN,5047555.2,ON,Closed-End Funds
LVU.UN,6498426.06,ON,Closed-End Funds
LUC,1244508514,BC,Mining
LMP,439769508.8,QC,Clean Technology
LGC,64411757.85,BC,Mining
LUG,617164782,BC,Mining
LUN,4745899588,ON,Mining
PR,37761440,ON,ETP
XMF.A,23737345.06,ON,Closed-End Funds
MDA,2555032449,BC,Technology
MKB,5122500,ON,ETP
MGB,24000000,ON,ETP
MFT,10415000,ON,ETP
MKZ.UN,7078897.43,ON,Closed-End Funds
MXU,5646000,ON,ETP
MWD,7952000,ON,ETP
MKC,10565000,ON,ETP
MEU,3780000,ON,ETP
MUS,6462000,ON,ETP
MUB,10375000,ON,ETP
MQA.UN,8637972,ON,Closed-End Funds
MQI.UN,20961142.87,ON,Closed-End Funds
MPC,173871565.7,BC,Real Estate
MAG,1343585884,BC,Mining
MAL,1112956099,ON,Diversified Industries
MG,20865735881,ON,Diversified Industries
MEQ,284355489.3,AB,Real Estate
MDI,489636361.2,NB,Diversified Industries
MND,302286585.4,ON,Mining
MBT,2773571942,MB,Comm & Media
MFC,49238201921.89,ON,Financial Services
MFR.UN,155746649.9,ON,Closed-End Funds
MBK.UN,121886613,ON,Closed-End Funds
MFI,3941792764,ON,Diversified Industries
MOZ,69035281.68,ON,Mining
MIF.UN,4015356.72,ON,Closed-End Funds
MAR,8497328.16,ON,Financial Services
MRE,655659622.5,ON,Diversified Industries
MAW,36123145.2,BC,Mining
MXG,192769938.1,AB,Utilities & Pipelines
MBN,22905956.21,ON,Closed-End Funds
MKP,335975305.1,ON,Financial Services
MCB,39894104.16,AB,Diversified Industries
MUX,1144196295,ON,Mining
MAY,4504840.6,BC,Mining
MDF,286330509.1,QC,Technology
MEG,1537358610,AB,Oil & Gas
MGA,38049659.28,ON,Mining
MRD,463869054.9,AB,Real Estate
MR.UN,128156092.92,AB,Real Estate
MERC.U,584188066.1,BC,Forest Products & Paper
MSL,152099877.8,ON,Life Sciences
MX,5310742501,BC,Diversified Industries
MRU,9515881023,QC,Diversified Industries
MBX,18634936.54,ON,Life Sciences
MAX,165783234.1,BC,Mining
RCO.UN,35134134.6,ON,Closed-End Funds
HEF.UN,114425000,AB,Closed-End Funds
MID.UN,84574578.96,ON,Closed-End Funds
MNW,1178642445,ON,Technology
MOGO,38388441,BC,Technology
TPX.B,2416179180,ON,Diversified Industries
MLD.UN,30890271.75,ON,Closed-End Funds
MLF.UN,46051300.68,ON,Closed-End Funds
ME,65572965.7,ON,Mining
MM,12858585.74,ON,Comm & Media
MRC,2065015180,ON,Real Estate
MRG.UN,468594497.2,ON,Real Estate
MRT.UN,1009306302.4,ON,Real Estate
MSI,1093242359,ON,Diversified Industries
MPV,1065924916,ON,Mining
MTY,1072144770,QC,Diversified Industries
MTL,1859558429,AB,Diversified Industries
NRE,4280567.5,NS,Mining
NPC,75873151.25,QC,Diversified Industries
NA,18529824411,QC,Financial Services
NGI.UN,11544240,ON,Closed-End Funds
NMX,394233657.3,QC,Mining
NVC,46806441.5,BC,Life Sciences
NEPT,107564856.2,QC,Life Sciences
NCU,64362731.25,BC,Mining
NSU,1297438106,BC,Mining
NFI,2630581761.6,MB,Clean Technology
NGD,2458077474,BC,Mining
BCI,381173071.8,QC,Diversified Industries
NML,26252851.17,AB,Mining
NAL,164837036.8,AB,Clean Technology
NCC.A,316101651.8,NS,Comm & Media
NEW.A,126910472.58,ON,Closed-End Funds
NMI,636885929.4,ON,Mining
NXC,22984911.9,ON,Closed-End Funds
NXE,586917836.6,BC,Mining
NXJ,76679145.25,ON,Technology
NGQ,246448755.6,BC,Mining
NKO,12361671.93,AB,Oil & Gas
NB,144057264.7,BC,Mining
NIF.UN,87726541.5,ON,Mining
OSB,2878542585,ON,Forest Products & Paper
NII,62279155.2,BC,Technology
NOA,150125313.6,AB,Diversified Industries
FFN,162119604.6,ON,Closed-End Funds
PDL,325508545.6,ON,Mining
NPF.UN,27845776.84,ON,Closed-End Funds
NRF.UN,7193302,ON,Closed-End Funds
NWC,1215398445,MB,Diversified Industries
NCF,9576520.29,BC,Mining
NBZ,452985370.3,AB,Oil & Gas
NDM,420952892.7,BC,Mining
NPI,4182837302.85,ON,Clean Technology
NVU.UN,979355622,ON,Real Estate
NWH.UN,925227621.6,ON,Real Estate
NDQ,599675176.4,ON,Life Sciences
NG,1971297383,BC,Mining
NVA,1203962520,AB,Oil & Gas
NRI,64651125.58,ON,Life Sciences
SFD,80548513.5,AB,Technology
OCS.UN,122629744.2,ON,Closed-End Funds
OSL.UN,145935048.9,ON,Closed-End Funds
OSF.UN,19633189.25,ON,Closed-End Funds
OLY,56525208.48,AB,Financial Services
ONC,25441861.62,AB,Life Sciences
ONR.UN,344639289.2,ON,Real Estate
ONEX,9690817568,ON,Financial Services
OTC,10402799209,ON,Technology
OGD,65990667.72,QC,Diversified Industries
ORT,131632351.8,QC,Clean Technology
ORV,30057097.62,ON,Mining
OXC,134281637.9,AB,Oil & Gas
OR,1403208701,QC,Mining
OSK,353183830.1,ON,Mining
PIH,56395902.1,BC,Diversified Industries
PPY,952066945.9,AB,Oil & Gas
PAA,3445203669,BC,Mining
POU,1845493773,AB,Oil & Gas
PXT,2678192370,AB,Oil & Gas
PLC,180831368.7,ON,Diversified Industries
PKI,2675304914,AB,Diversified Industries
PAR.UN,174159053.3,BC,Real Estate
PVS.PR.D,616783620,ON,Closed-End Funds
PSI,1344941740,AB,Diversified Industries
PCD.UN,35565226.4,ON,Closed-End Funds
PPL,17123015384.5,AB,Utilities & Pipelines
PGF,1246191259,AB,Oil & Gas
PWT,1176073208,AB,Oil & Gas
PGD,64471921.95,BC,Mining
PMT,112173429.9,AB,Oil & Gas
PRW,49718087.55,AB,Diversified Industries
PRQ,112919488.1,AB,Oil & Gas
PEY,5442673354,AB,Oil & Gas
PFB,58093425.95,AB,Clean Technology
PHX,178853737.9,AB,Diversified Industries
PMB.UN,84032956.26,ON,Closed-End Funds
PLG,74969847.5,BC,Mining
PGI.UN,606102075.1,ON,Closed-End Funds
PNE,334581807.8,AB,Oil & Gas
PRF.UN,21113688,ON,Closed-End Funds
PNP,11713559.9,ON,Financial Services
PZA,395125191.6,ON,Diversified Industries
PLZ.UN,541044199.2,NB,Real Estate
PTS,139537080.8,ON,Technology
PLS,114835091.8,BC,Mining
PBL,192112169.3,MB,Diversified Industries
PAY,13650787.08,ON,Technology
PNC.B,61863987.63,ON,Comm & Media
POT,20571265113,SK,Mining
PRK,38564547.09,ON,Mining
POW,14824215332,QC,Financial Services
PWF,26493100848.8,QC,Financial Services
PFL,78526000,ON,ETP
PSB,762042542.5,ON,ETP
PDC,98475000,ON,ETP
PPS,148478245.9,ON,ETP
PXC,204800844.6,ON,ETP
PZC,3918000,ON,ETP
PZW,7069000,ON,ETP
PXG,8975500,ON,ETP
PXS,35718925,ON,ETP
PXU,148770000,ON,ETP
PFH,147012750,ON,ETP
PSY,3339750,ON,ETP
USB,81549550,ON,ETP
PLV,20172750,ON,ETP
QQC,42140000,ON,ETP
ULV,229538250,ON,ETP
ELV,11110212,ON,ETP
ILV,28507710,ON,ETP
TLV,262814000,ON,ETP
BKL,57812400,ON,ETP
PTB,201162500,ON,ETP
PGL,453638280.1,ON,ETP
PPR,73057076.25,AB,Oil & Gas
PSK,7484343273,AB,Oil & Gas
MMP.UN,52754359.84,ON,Closed-End Funds
PBU.UN,9639585.2,ON,Closed-End Funds
PD,2087860669,AB,Diversified Industries
PG,461373598.2,ON,Mining
PBH,2299869380,BC,Diversified Industries
PIC.A,228745276.36,ON,Closed-End Funds
PVG,2108840537,BC,Mining
PDV,21963308.4,ON,Closed-End Funds
P,278429050.6,ON,Mining
PLI,1507966486,QC,Life Sciences
PMN,25440033.92,ON,Life Sciences
PCY,18805073.1,BC,Mining
PSD,126363222,AB,Diversified Industries
AAR.UN,1293487026,BC,Real Estate
PUR,258304016.8,AB,Clean Technology
PBI,30447868.42,ON,ETP
BNC,3210000,ON,ETP
PRP,4016000,ON,ETP
PDF,290365280.9,ON,ETP
PRA,2664000,ON,ETP
PHR,27266250,ON,ETP
PEU,4621000,ON,ETP
PSA,330033000,ON,ETP
PID,52974750,ON,ETP
PHW,14084496.48,ON,ETP
PIN,19439306.97,ON,ETP
PMM,19602000,ON,ETP
PYF,59627500,ON,ETP
PHE,41304039,ON,ETP
BND,71464250,ON,ETP
PBD,85464293.38,ON,ETP
PSU.U,15000000,ON,ETP
PUD,43671500,ON,ETP
PWC,59768600,ON,Financial Services
QLT,136828140.8,BC,Life Sciences
QBR.B,4463594976,QC,Diversified Industries
QRM,16421512.09,QC,Mining
QEC,131805516.5,AB,Oil & Gas
QCP,16272000,ON,ETP
QGE,12292500,ON,ETP
QRD,950500,ON,ETP
QRH,952000,ON,ETP
QRI,1073000,ON,ETP
QRT,2202000,ON,ETP
QMG,5919000,ON,ETP
QMV,6333000,ON,ETP
RBS,23384763.35,ON,Closed-End Funds
RRX,2456818207,AB,Oil & Gas
RAV.UN,22650659.8,ON,Closed-End Funds
RLB,117572000,ON,ETP
RBO,188160000,ON,ETP
RPF,76029500,ON,ETP
RCD,103360500,ON,ETP
RCE,7988000,ON,ETP
RHI,69728000,ON,ETP
RID,287739000,ON,ETP
RHF,9856000,ON,ETP
RIE,17222000,ON,ETP
RXD,23704000,ON,ETP
RXE,3958500,ON,ETP
RHP,64852000,ON,ETP
RPD,107734000,ON,ETP
RIG,5602500,ON,ETP
RHU,105462000,ON,ETP
RUD,323934500,ON,ETP
RHS,7210000,ON,ETP
RUE,21548000,ON,ETP
RLD,2186000,ON,ETP
RLE,2196000,ON,ETP
RQE,103302000,ON,ETP
RQF,109256000,ON,ETP
RQG,125748000,ON,ETP
RQH,92610000,ON,ETP
RQI,87591000,ON,ETP
RQJ,3952000,ON,ETP
RQK,3934000,ON,ETP
RC,104881288.6,ON,Technology
RAI.UN,39628749.96,ON,Closed-End Funds
R,185489243.2,BC,Mining
RDK,7096416.21,BC,Mining
RKN,200267006.6,ON,Technology
RDL,25823203.5,ON,Technology
IDR.UN,75668927.4,ON,Closed-End Funds
RET.A,410665150.3,ON,Diversified Industries
RFP,547558727.4,QC,Forest Products & Paper
RBM,12118168.59,BC,Life Sciences
QSR,14976059368,ON,Diversified Industries
QSP.UN,14531170112,ON,Diversified Industries
RVX,182388289.6,AB,Life Sciences
RPI.UN,286783522.3,ON,Diversified Industries
RCH,1560501104,QC,Diversified Industries
RIC,547782832.8,QC,Mining
RIB.UN,94499124.5,ON,Closed-End Funds
REI.UN,8853884898,ON,Real Estate
RBA,5462002688,BC,Diversified Industries
RMP,110208149.6,AB,Oil & Gas
RME,182210408.4,AB,Diversified Industries
RCI.B,26898402795,ON,Comm & Media
RSI,730945551.2,QC,Diversified Industries
RY,135600090883.2,ON,Financial Services
MNT,471024673,ON,Closed-End Funds
MNS,60336287.2,ON,Closed-End Funds
RNX,75543847.5,ON,Mining
RMX,17771771.07,BC,Mining
RUS,1595037026,ON,Diversified Industries
SBN,19128042.18,ON,Closed-End Funds
SBB,213459074.9,BC,Mining
SSL,756645687.2,BC,Mining
SVC,415127213.3,ON,Technology
SAP,17821229746,QC,Diversified Industries
SVY,143499476.4,AB,Diversified Industries
SIS,399809198.5,QC,Diversified Industries
SIN.UN,184457820.3,ON,Closed-End Funds
SEA,676731837.5,ON,Mining
SCC,230243516.1,ON,Diversified Industries
SCU,28997935.7,ON,Diversified Industries
SES,1526858747,AB,Diversified Industries
SMF,1328597547,QC,Mining
FRL.UN,68089864.44,ON,Closed-End Funds
PME,48918003.1,ON,Closed-End Funds
SEC,460282965.1,QC,Financial Services
SEN,19657485.25,AB,Oil & Gas
VII,10708593123,AB,Oil & Gas
SJR.B,12400776245.3,AB,Comm & Media
SCL,2134552718,ON,Diversified Industries
S,358547016.3,ON,Mining
SHOP,4285034538,ON,Technology
SGF,55852591.52,SK,Mining
SIA,780109099.2,ON,Real Estate
SMT,296350125,BC,Mining
SW,662187068.3,BC,Technology
SBR,47249801.79,ON,Mining
SBT.B,58998937.99,ON,ETP
SSO,1586849856,BC,Mining
SLW,10784005144,BC,Mining
SRV.UN,115750335.9,ON,Diversified Industries
XSR,537716560.6,ON,Comm & Media
SKG.UN,43291184.37,ON,Closed-End Funds
SOT.UN,318085703.4,BC,Real Estate
SRT.UN,461555967.8,ON,Real Estate
ZZZ,1107614428,ON,Diversified Industries
SRU.UN,4041629088,ON,Real Estate
SNC,8554472705,QC,Diversified Industries
SUM,402047003.3,AB,Technology
SGQ,83751536.38,BC,Mining
SPE,1131183729,AB,Oil & Gas
EDT,40397289.47,ON,Life Sciences
SHA,2346000,ON,ETP
SHC,4600000,ON,ETP
SHZ,4950000,ON,ETP
SHE,2002000,ON,ETP
SHU,3138000,ON,ETP
TOY,867094539.8,ON,Diversified Industries
SII,638562202.3,ON,Financial Services
PHY.U,2072535365,ON,Closed-End Funds
PPT.U,111430193.3,ON,Closed-End Funds
PHS.U,902099723.6,ON,Closed-End Funds
STN,4084936746,AB,Diversified Industries
XYM.UN,15370389.01,ON,Closed-End Funds
SAM,24573425.5,BC,Mining
SJ,3126222163,QC,Forest Products & Paper
RAY.B,294124635.61,QC,Comm & Media
ST,10604317.6,ON,Mining
SWY,920125085.4,BC,Mining
SDY,74987442.25,AB,Diversified Industries
SIF.UN,8781099.3,ON,Closed-End Funds
SCB,205590482.4,ON,Financial Services
SQP,19964795.69,ON,Diversified Industries
SOX,232869677.6,AB,Diversified Industries
SMC,13270626.72,ON,Mining
SMU.UN,216349686,ON,Real Estate
SLF,33485882517.3,ON,Financial Services
SU,71234213829,AB,Oil & Gas
SOY,839278977.6,ON,Clean Technology
SPB,1813538840,AB,Utilities & Pipelines
SXP,146886012.6,QC,Forest Products & Paper
SGY,632109825.2,AB,Oil & Gas
SSF.UN,135084618.4,ON,Closed-End Funds
SXI,14227363.61,BC,Clean Technology
TAO,49147679.08,BC,Oil & Gas
THO,4015885091,BC,Mining
TBL,182834378.34,BC,Diversified Industries
TVE,483706986.8,AB,Oil & Gas
TNX,73295696.25,BC,Mining
TKO,195215361.4,BC,Mining
TOF.UN,32628824.88,ON,Closed-End Funds
TDB,25952500,ON,ETP
THE,3126000,ON,ETP
TPE,6164000,ON,ETP
THU,3228000,ON,ETP
TPU,6648000,ON,ETP
TTP,3380000,ON,ETP
XTD,53258482,ON,Closed-End Funds
HTA.UN,39962559.12,ON,Closed-End Funds
TLF.UN,42620172.77,ON,Closed-End Funds
TCK.B,19607564045.2,BC,Mining
TCS,132389754.5,QC,Technology
TEL,19671235.5,ON,Comm & Media
T,24814372104,BC,Comm & Media
TMB,175000000,QC,Clean Technology
TPH,181303512.72,MB,Real Estate
TPK,49171409.28,BC,Diversified Industries
TGO,62704744.83,ON,Comm & Media
TGZ,450839688.6,ON,Mining
TVK,172026246,AB,Diversified Industries
EML.PR.A,156556400,ON,Financial Services
TH,201277945.5,QC,Life Sciences
TRI,42684632999,ON,Comm & Media
TF,742033071,ON,Financial Services
TGF.UN,79128481.08,ON,Closed-End Funds
TMM,158254727.9,BC,Mining
TMD,68269692.86,ON,Life Sciences
TMR,1294572661,ON,Mining
X,3718953130,ON,Financial Services
TCT.UN,16966198.95,ON,Closed-End Funds
TXT.UN,19675082.42,ON,Closed-End Funds
TTY.UN,41033098.56,ON,Closed-End Funds
TTE.UN,18016957.6,ON,Closed-End Funds
TUT.UN,44687594.25,ON,Closed-End Funds
TOG,1535396754,AB,Oil & Gas
TXG,1602505306,ON,Mining
TIH,3448197942,ON,Diversified Industries
TD,122067676133.1,ON,Financial Services
TS.B,119079747.4,ON,Comm & Media
TEI,25802813.87,AB,Oil & Gas
TOT,416143000,AB,Diversified Industries
TXP,14133318.9,AB,Oil & Gas
TOU,8794629509,AB,Oil & Gas
TA,2676220971.4,AB,Utilities & Pipelines
RNW,3077296072,AB,Clean Technology
TRZ,209360057.2,QC,Diversified Industries
TRP,55280043659.35,AB,Utilities & Pipelines
TCL.A,1433212780,QC,Comm & Media
TFI,3122814214,QC,Diversified Industries
TGL,269218849.5,AB,Oil & Gas
TML,58316031.3,ON,Mining
TSL,153240042.9,BC,Diversified Industries
TV,545925815.8,BC,Mining
TZZ,130633106.2,BC,Closed-End Funds
TZS,47792891.74,BC,Closed-End Funds
TRH.UN,8944926.7,ON,Closed-End Funds
TCW,713296641.9,AB,Diversified Industries
TCN,1189023940.8,ON,Financial Services
TR,79369745.34,ON,Life Sciences
TET,686350946,AB,Oil & Gas
TMQ,80016992.92,BC,Mining
TMI,62022192.15,BC,Mining
TDG,621844356,AB,Diversified Industries
TNT.UN,181633050,ON,Real Estate
TOS,228020824.9,QC,Life Sciences
TC,484591365.5,ON,Technology
TRQ,9035291966,BC,Mining
TVA.B,123267146,QC,Comm & Media
TWC,300800940,ON,Diversified Industries
PUB.UN,10251922.56,ON,Closed-End Funds
US,76336110,ON,Closed-End Funds
USF.UN,15024156.45,ON,Closed-End Funds
USH.UN,9612328.95,ON,Closed-End Funds
UWE,7890869.225,ON,Mining
UEX,51894303.83,BC,Mining
UNS,1279511735,QC,Diversified Industries
UNG.PR.D,7748388,ON,Utilities & Pipelines
UNC,1184180616.5,ON,Financial Services
U,436263853.9,ON,Financial Services
URB,138537660,ON,Financial Services
UR,98398332.38,BC,Technology
HUL,22106558.6,ON,ETP
FTU,23953869.23,ON,Closed-End Funds
UTC.C,46124375,ON,Closed-End Funds
UST.UN,19663855.75,ON,Closed-End Funds
VRX,7246896564,QC,Life Sciences
VNR,882120440,QC,Utilities & Pipelines
VLE,52667388.9,AB,Oil & Gas
VAB,1102498000,ON,ETP
VSB,797880000,ON,ETP
VSC,978120000,ON,ETP
VCN,632156250,ON,ETP
VCE,454258000,ON,ETP
VRE,114964000,ON,ETP
VDY,302962000,ON,ETP
VDU,124696000,ON,ETP
VEF,43097000,ON,ETP
VIU,276033250,ON,ETP
VI,426570000,ON,ETP
VA,45402400,ON,ETP
VAH,1334500,ON,ETP
VE,108263400,ON,ETP
VEH,1851000,ON,ETP
VEE,366920400,ON,ETP
VXC,490982600,ON,ETP
VBG,95586000,ON,ETP
VLQ,16782000,ON,ETP
VVO,15900000,ON,ETP
VMO,16416000,ON,ETP
VVL,18024000,ON,ETP
VFV,918038100,ON,ETP
VSP,390033600,ON,ETP
VBU,74520000,ON,ETP
VGG,263248300,ON,ETP
VGH,128670000,ON,ETP
VUN,731059560,ON,ETP
VUS,380203560,ON,ETP
VCM,210586367,BC,Technology
VLN,104580056,QC,Diversified Industries
VSN,4298400071,AB,Utilities & Pipelines
VET,6413069066,AB,Oil & Gas
VB,132836746.7,ON,Financial Services
VXS,21767939.1,ON,Technology
IFL.UN,65831789.6,ON,Closed-End Funds
ISL.UN,140584977.4,ON,Closed-End Funds
IHL.UN,26071275.6,ON,Closed-End Funds
WJX,487807752.4,ON,Diversified Industries
WFC,619648911.3,BC,Real Estate
WM,9978255.585,ON,Mining
WG,88206493.38,BC,Mining
WDO,324338897.9,ON,Mining
WFT,3652617759,BC,Forest Products & Paper
W.PR.J,727988000,BC,Utilities & Pipelines
WRN,114283212.6,BC,Mining
WRG,169730671.2,AB,Diversified Industries
WEF,715760270,BC,Forest Products & Paper
WPX,60734122.67,BC,Mining
WEQ,58897334.97,BC,Financial Services
WJA,2503869290,AB,Diversified Industries
WPRT,185955011.7,BC,Clean Technology
WTE,2037583990,BC,Diversified Industries
WCP,4408514001,AB,Oil & Gas
WIN,213372865.8,ON,Technology
WCM.A,36668502.31,ON,Financial Services
WPK,3043950000,MB,Forest Products & Paper
EHE,10605000,ON,ETP
DQI,9845000,ON,ETP
IQD,19560000,ON,ETP
HID,19345000,ON,ETP
DQD,10400000,ON,ETP
DGR,20645000,ON,ETP
WFS,27892773.75,ON,Closed-End Funds
WSP,4828307255,QC,Diversified Industries
XTG,9935307.985,ON,Mining
XDC,237358413,AB,Diversified Industries
YRI,3799873582,ON,Mining
YGR,116397251.9,AB,Oil & Gas
YPG.DB,117904989,QC,Comm & Media
Y,505355292,QC,Comm & Media
YMI,8044215.205,BC,Mining
YP.UN,92460311.28,ON,Closed-End Funds
YRB.A,27369026.6,QC,Mining
ZAR,67917844,AB,Oil & Gas
ZCL,374344913.8,AB,Diversified Industries
